dP_value,prob
-8,0.00016
-7,0.00042
-6,0.00109
-5,0.00288
-4,0.00756
-3,0.01988
-2,0.05226
-1,0.13737
0,0.2835
1,0.34512
2,0.10439
3,0.03158
4,0.00955
5,0.00289
6,0.00087
7,0.00026
8,8e-05
